{
  "Rub7": {
    "mutant": "Rub7",
    "total_coord_mean": 9.25910189119387,
    "total_coord_std": 0.1149390747356387,
    "water_coord_mean": 1.8461218028826127,
    "protein_coord_mean": 7.412980088311255,
    "dominant_geometry": "high_coordination_10",
    "geometry_tricapped_pct": 5.265350329084396,
    "geometry_octahedral_pct": 5.5069565941847864,
    "geometry_high_coord_pct": 75.51445471965341,
    "binding_volume_mean": 27.936224772453112,
    "binding_volume_std": 0.5403359252889626,
    "radius_gyration_mean": 2.4290757179260254,
    "asymmetry_mean": 0.10435486336549123,
    "accessibility_mean": 0.05512510761198589,
    "water_exchange_rate": 3.3625000000000003,
    "residence_time_mean": 65.78777777777778,
    "total_change_freq": 21.2,
    "water_change_freq": 9.475,
    "protein_change_freq": 19.3
  },
  "Rub9": {
    "mutant": "Rub9",
    "total_coord_mean": 8.398900274931266,
    "total_coord_std": 0.3890197476043224,
    "water_coord_mean": 2.3565775222860954,
    "protein_coord_mean": 6.042322752645172,
    "dominant_geometry": "tricapped_trigonal_prismatic",
    "geometry_tricapped_pct": 42.06448387903024,
    "geometry_octahedral_pct": 9.18103807381488,
    "geometry_high_coord_pct": 25.76022661001416,
    "binding_volume_mean": 24.716673663893776,
    "binding_volume_std": 1.1089091786737642,
    "radius_gyration_mean": 2.393025557200114,
    "asymmetry_mean": 0.11407704403003056,
    "accessibility_mean": 0.09541133235209716,
    "water_exchange_rate": 6.864583333333333,
    "residence_time_mean": 42.185,
    "total_change_freq": 37.916666666666664,
    "water_change_freq": 16.583333333333336,
    "protein_change_freq": 33.641666666666666
  },
  "Rub10": {
    "mutant": "Rub10",
    "total_coord_mean": 8.499625093726568,
    "total_coord_std": 0.6311077509240924,
    "water_coord_mean": 0.7483129217695575,
    "protein_coord_mean": 7.751312171957011,
    "dominant_geometry": "tricapped_trigonal_prismatic",
    "geometry_tricapped_pct": 42.94759643422478,
    "geometry_octahedral_pct": 6.998250437390652,
    "geometry_high_coord_pct": 28.059651753728232,
    "binding_volume_mean": 25.35332217832463,
    "binding_volume_std": 2.4218465190757468,
    "radius_gyration_mean": 2.407493829727173,
    "asymmetry_mean": 0.18449999888737997,
    "accessibility_mean": 0.08933877641700687,
    "water_exchange_rate": 2.9604166666666667,
    "residence_time_mean": 19.512533333333334,
    "total_change_freq": 39.475,
    "water_change_freq": 10.833333333333334,
    "protein_change_freq": 37.55
  },
  "Rub11": {
    "mutant": "Rub11",
    "total_coord_mean": 8.287594767974673,
    "total_coord_std": 0.07343013159761694,
    "water_coord_mean": 1.825876864117304,
    "protein_coord_mean": 6.4617179038573695,
    "dominant_geometry": "tricapped_trigonal_prismatic",
    "geometry_tricapped_pct": 62.70099141881196,
    "geometry_octahedral_pct": 7.239856702491044,
    "geometry_high_coord_pct": 8.006331750395734,
    "binding_volume_mean": 24.341044045514806,
    "binding_volume_std": 0.4849443495791559,
    "radius_gyration_mean": 2.3854876359303794,
    "asymmetry_mean": 0.12815790375073752,
    "accessibility_mean": 0.0881261166189934,
    "water_exchange_rate": 3.9250000000000003,
    "residence_time_mean": 30.275000000000002,
    "total_change_freq": 35.13333333333333,
    "water_change_freq": 9.758333333333333,
    "protein_change_freq": 32.38333333333333
  },
  "Rub12": {
    "mutant": "Rub12",
    "total_coord_mean": 8.680079980004999,
    "total_coord_std": 0.10213630648367157,
    "water_coord_mean": 3.691493793218362,
    "protein_coord_mean": 4.988586186786637,
    "dominant_geometry": "tricapped_trigonal_prismatic",
    "geometry_tricapped_pct": 49.01274681329667,
    "geometry_octahedral_pct": 6.256769141048071,
    "geometry_high_coord_pct": 28.476214279763393,
    "binding_volume_mean": 27.291603665608417,
    "binding_volume_std": 0.461416956035044,
    "radius_gyration_mean": 2.4452691078186035,
    "asymmetry_mean": 0.2011246532201767,
    "accessibility_mean": 0.06747387227267257,
    "water_exchange_rate": 6.6937500000000005,
    "residence_time_mean": 39.40252525252525,
    "total_change_freq": 50.76666666666667,
    "water_change_freq": 14.008333333333333,
    "protein_change_freq": 47.116666666666674
  },
  "Rub13": {
    "mutant": "Rub13",
    "total_coord_mean": 8.550445721902857,
    "total_coord_std": 0.18011604860698577,
    "water_coord_mean": 1.833958177122386,
    "protein_coord_mean": 6.716487544780471,
    "dominant_geometry": "tricapped_trigonal_prismatic",
    "geometry_tricapped_pct": 58.68532866783304,
    "geometry_octahedral_pct": 6.431725401982838,
    "geometry_high_coord_pct": 17.1457135716071,
    "binding_volume_mean": 25.611716642552825,
    "binding_volume_std": 0.6567957315957517,
    "radius_gyration_mean": 2.4168334351691922,
    "asymmetry_mean": 0.173372428181907,
    "accessibility_mean": 0.07066751830560879,
    "water_exchange_rate": 3.5416666666666665,
    "residence_time_mean": 35.684603174603176,
    "total_change_freq": 43.38333333333333,
    "water_change_freq": 9.041666666666666,
    "protein_change_freq": 41.358333333333334
  },
  "Rub14": {
    "mutant": "Rub14",
    "total_coord_mean": 8.414563025910189,
    "total_coord_std": 0.1753077643136225,
    "water_coord_mean": 1.1063900691493793,
    "protein_coord_mean": 7.308172956760809,
    "dominant_geometry": "tricapped_trigonal_prismatic",
    "geometry_tricapped_pct": 66.79996667499792,
    "geometry_octahedral_pct": 6.1318003832375245,
    "geometry_high_coord_pct": 7.381487961342998,
    "binding_volume_mean": 24.514399284527006,
    "binding_volume_std": 0.6094227603237986,
    "radius_gyration_mean": 2.389258543650309,
    "asymmetry_mean": 0.1306441550453504,
    "accessibility_mean": 0.07337980319734881,
    "water_exchange_rate": 2.3312500000000003,
    "residence_time_mean": 19.6225,
    "total_change_freq": 32.625,
    "water_change_freq": 7.716666666666668,
    "protein_change_freq": 31.083333333333332
  },
  "Rub15": {
    "mutant": "Rub15",
    "total_coord_mean": 8.232608514538033,
    "total_coord_std": 0.12256971328984947,
    "water_coord_mean": 1.6267599766724985,
    "protein_coord_mean": 6.605848537865533,
    "dominant_geometry": "tricapped_trigonal_prismatic",
    "geometry_tricapped_pct": 65.62526035157877,
    "geometry_octahedral_pct": 8.131300508206282,
    "geometry_high_coord_pct": 4.465550279096893,
    "binding_volume_mean": 24.17459249947815,
    "binding_volume_std": 0.3767498338603361,
    "radius_gyration_mean": 2.3807342847188315,
    "asymmetry_mean": 0.12397295733292897,
    "accessibility_mean": 0.09023670008423819,
    "water_exchange_rate": 3.9416666666666664,
    "residence_time_mean": 65.07333333333334,
    "total_change_freq": 31.983333333333334,
    "water_change_freq": 10.549999999999999,
    "protein_change_freq": 29.28333333333333
  },
  "Rub16": {
    "mutant": "Rub16",
    "total_coord_mean": 8.395567774722986,
    "total_coord_std": 0.00748237211341047,
    "water_coord_mean": 1.5766058485378656,
    "protein_coord_mean": 6.81896192618512,
    "dominant_geometry": "tricapped_trigonal_prismatic",
    "geometry_tricapped_pct": 73.6065983504124,
    "geometry_octahedral_pct": 5.740231608764475,
    "geometry_high_coord_pct": 3.424143964008998,
    "binding_volume_mean": 24.92042334337,
    "binding_volume_std": 0.2569878339237109,
    "radius_gyration_mean": 2.3826310634613037,
    "asymmetry_mean": 0.11066874365011851,
    "accessibility_mean": 0.0709822544363909,
    "water_exchange_rate": 2.6770833333333335,
    "residence_time_mean": 30.360952380952384,
    "total_change_freq": 25.166666666666668,
    "water_change_freq": 7.525000000000001,
    "protein_change_freq": 23.491666666666664
  },
  "Rub17": {
    "mutant": "Rub17",
    "total_coord_mean": 8.261101391318837,
    "total_coord_std": 0.1986389925588192,
    "water_coord_mean": 1.8355411147213196,